{"cameraMode":{"drawMode":0,"name":"Shaded","section":"Shading Mode"},"sceneLighting":false,"audioPlay":false,"sceneViewState":{"showFog":true,"showMaterialUpdate":false,"showSkybox":true,"showFlares":true,"showImageEffects":true,"showParticleSystems":true},"in2DMode":false,"pivot":{"x":-0.8410534858703613,"y":-0.3029654026031494,"z":5.7324395179748539},"rotation":{"x":0.3974252939224243,"y":-0.5870586037635803,"z":0.4031889736652374,"w":0.5786656737327576},"size":4.329748153686523,"orthographic":false}