{"cameraMode":{"drawMode":0,"name":"Shaded","section":"Shading Mode"},"sceneLighting":false,"audioPlay":false,"sceneViewState":{"showFog":true,"showMaterialUpdate":false,"showSkybox":true,"showFlares":true,"showImageEffects":true,"showParticleSystems":true},"in2DMode":false,"pivot":{"x":-0.2097986936569214,"y":0.6283072233200073,"z":0.2140352725982666},"rotation":{"x":0.09845651686191559,"y":-0.8975510001182556,"z":0.25596749782562258,"w":0.3452380299568176},"size":2.2303645610809328,"orthographic":false}