{"cameraMode":{"drawMode":0,"name":"Shaded","section":"Shading Mode"},"sceneLighting":false,"audioPlay":false,"sceneViewState":{"showFog":true,"showMaterialUpdate":false,"showSkybox":true,"showFlares":true,"showImageEffects":true,"showParticleSystems":true},"in2DMode":false,"pivot":{"x":1.082293152809143,"y":-0.7076683044433594,"z":5.638327121734619},"rotation":{"x":0.343963623046875,"y":0.029011037200689317,"z":-0.010632968507707119,"w":0.9384745359420776},"size":6.851046562194824,"orthographic":false}