{"cameraMode":{"drawMode":0,"name":"Shaded","section":"Shading Mode"},"sceneLighting":false,"audioPlay":false,"sceneViewState":{"showFog":true,"showMaterialUpdate":false,"showSkybox":true,"showFlares":true,"showImageEffects":true,"showParticleSystems":true},"in2DMode":false,"pivot":{"x":-3.12514328956604,"y":0.6996443271636963,"z":-1.4751944541931153},"rotation":{"x":-0.0015993998385965825,"y":-0.8747772574424744,"z":0.484514057636261,"w":-0.0028873682022094728},"size":3.9244420528411867,"orthographic":false}