{"cameraMode":{"drawMode":0,"name":"Shaded","section":"Shading Mode"},"sceneLighting":true,"audioPlay":false,"sceneViewState":{"showFog":true,"showMaterialUpdate":false,"showSkybox":true,"showFlares":true,"showImageEffects":true,"showParticleSystems":true},"in2DMode":false,"pivot":{"x":510.2358703613281,"y":46.09228515625,"z":283.1357421875},"rotation":{"x":-0.08262899518013,"y":0.045425012707710269,"z":-0.0037702478002756836,"w":-0.9955374598503113},"size":1967.87548828125,"orthographic":false}